n_entities,spearman_rank_corr,pearson_score_corr
183,0.9959554838884997,0.9960587086299506
